Id;Titulo;Canal;Midia;Veiculo;IdVeiculo;Programa;Avaliacao;Regiao;Estado;Cidade;NumeroCaracteres;Minutagem;Centimetragem;Valoracao;PageViews;DataCadastro;DataFonte;Abrangencia;Tier;Provedor;Url;IDV;
870078169;Coluna do Estadăo - Roseann Kennedy;Impressos;Impresso;O ESTADO DE S.PAULO/SĂO PAULO;675;GERAL; ;SUDESTE;SP;SĂO PAULO; ; ;1067;1747265,8500; ;13/03/2026 01:50:00;13/03/2026 03:00:00;Escopo IDM; ;3; ;https://visualizacao.boxnet.com.br/?t=00DDC949574BA14ABD49C962CBECD7EF020000004257BA27F7F10C82C888A9017959DEE5B80519E99D3C629DD9AE1C3103F54427FC9B06F3CAA24D64E622B9E31DE1700841A641ACAF800E891677548CCE495DEA1E2B688BE38F5D7B5986A89E4D665305;
870078170;Editorial - Toffoli, o suspeito;Impressos;Impresso;O ESTADO DE S.PAULO/SĂO PAULO;675;GERAL; ;SUDESTE;SP;SĂO PAULO; ; ;757;1239625,3500; ;13/03/2026 01:50:00;13/03/2026 03:00:00;Escopo IDM; ;3; ;https://visualizacao.boxnet.com.br/?t=00DDC949574BA14ABD49C962CBECD7EF02000000505CD20CEDA6B70FADD4E365DDAB58A0A5CFE782853DD444C6F7C3798BBC3658128C7DEB3FC294C66A781B0215EBE66F911E584F625B53846053313376286DD25489230855E676FB11839399B6F9CE6F;
870078171;Falecimentos;Impressos;Impresso;O ESTADO DE S.PAULO/SĂO PAULO;675;GERAL; ;SUDESTE;SP;SĂO PAULO; ; ;194;317684,7000; ;13/03/2026 01:50:00;13/03/2026 03:00:00;Escopo IDM; ;3; ;https://visualizacao.boxnet.com.br/?t=00DDC949574BA14ABD49C962CBECD7EF0200000065E748A5EA6C8D77F57BFA22CA0EF1CB8EA1C6426F1011287E51E9F84CC27D64928A6BE60240F10DD8E07F2EB0F6480A00CE9430AD76C4DE3D446BE1FB01DE1F0AD5F4670DF2D77A94808250A664D6E7;
870078172;Paladar;Impressos;Impresso;O ESTADO DE S.PAULO/SĂO PAULO;675;GERAL; ;SUDESTE;SP;SĂO PAULO; ; ;96;157204,8000; ;13/03/2026 01:50:00;13/03/2026 03:00:00;Escopo IDM; ;3; ;https://visualizacao.boxnet.com.br/?t=00DDC949574BA14ABD49C962CBECD7EF02000000FF6B0515C34F9EB788D853DBB571C9FB02A1B34481E35ACF07260B921A3F141D9B62C3E8FF01D8E056466E3351851749FDFAF07DA91C4E1A02A995C6431FBC1DA8AD5B465A1CA52B1682377927C58877;
870078173;Coluna do Broadcast;Impressos;Impresso;O ESTADO DE S.PAULO/SĂO PAULO;675;GERAL; ;SUDESTE;SP;SĂO PAULO; ; ;1170;1915933,5000; ;13/03/2026 01:50:00;13/03/2026 03:00:00;Escopo IDM; ;3; ;https://visualizacao.boxnet.com.br/?t=00DDC949574BA14ABD49C962CBECD7EF02000000CCF4019D401EA4307AAE6D833A74D1DFDEA367396165726A320F9B6CE2CB6ED4B4ED1F1C091A42065CD46724DA317F6B6458551B53AACB58096A05AF40E280918C6209204DC5365BD550431251ED31EA;
870078174;Capa - O ESTADO DE S.PAULO/SĂO PAULO - 13/03/2026;Impressos;Impresso;O ESTADO DE S.PAULO/SĂO PAULO;675;GERAL; ;SUDESTE;SP;SĂO PAULO; ; ;1662;2721608,1000; ;13/03/2026 01:50:00;13/03/2026 03:00:00;Escopo IDM; ;3; ;https://visualizacao.boxnet.com.br/?t=00DDC949574BA14ABD49C962CBECD7EF0200000058793959CCD495A4D21C66B29640BBAE676EA8D221B226E0D812406E592873E534F95C04EBE1AE6F6BBCC1DB31F6F0B1C9F2F23411D21B54342AE1B7096B302EEA62B06F4E3A3EDADC799B32D41834EF;
870087067;Documentários do Oscar abordam questőes sociais e políticas;Impressos;Impresso;O ESTADO DE S.PAULO/SĂO PAULO;675;GERAL; ;SUDESTE;SP;SĂO PAULO; ; ;2595;4249442,2500; ;13/03/2026 03:20:00;13/03/2026 03:00:00;Escopo IDM; ;209; ;https://visualizacao.boxnet.com.br/?t=00DDC949574BA14ABD49C962CBECD7EF0200000086A53FEE0270B07DFE0E32236F464E8032A3C3A98C8FCC23CC2C387380AFAF48E7252C1E100CD5E8B18ED6CD21D85A3D0DCDE14A77CF5EF489375CA54E1BF4DE84FA74A49405F08F4910BF21DA200D07;
870087069;Neste ano 9 trânsito de SP teve piora em todos os dias úteis;Impressos;Impresso;O ESTADO DE S.PAULO/SĂO PAULO;675;METRÓPOLE; ;SUDESTE;SP;SĂO PAULO; ; ;1753;2870625,1500; ;13/03/2026 03:20:00;13/03/2026 03:00:00;Escopo IDM; ;209; ;https://visualizacao.boxnet.com.br/?t=00DDC949574BA14ABD49C962CBECD7EF02000000FDCACE9144B83909F061102E7AB2C728596C4C4426BB7734D4C3F9F988B05A812DB33ED93D7F326520DA93906BB3EE8CDCC76336C0EAA52B3F624B8A92B8B7705E2C775FDDDBA1BEEE08AB49EB2A6BCE;
870087071;Capa - O ESTADO DE S.PAULO/SĂO PAULO - 13/03/2026;Impressos;Impresso;O ESTADO DE S.PAULO/SĂO PAULO;675;ESPAÇO ABERTO; ;SUDESTE;SP;SĂO PAULO; ; ;1676;2744533,8000; ;13/03/2026 03:20:00;13/03/2026 03:00:00;Escopo IDM; ;209; ;https://visualizacao.boxnet.com.br/?t=00DDC949574BA14ABD49C962CBECD7EF0200000082F0EF8E673DED8E1E70699E53EE66AE5027C6D4A7953656CBB71537BFB57AE47147062C3CB1C9CFCE2C41E79E7594A85FBF615B7110F923229CCE9D70DBD12160DAAB11CA37F37A0606B39E7FAE55D2;
870087073;Governo zera IPI e Cofins para tentar segurar preço do diesel;Impressos;Impresso;O ESTADO DE S.PAULO/SĂO PAULO;675;ESPAÇO ABERTO; ;SUDESTE;SP;SĂO PAULO; ; ;1132;1853706,6000; ;13/03/2026 03:20:00;13/03/2026 03:00:00;Escopo IDM; ;209; ;https://visualizacao.boxnet.com.br/?t=00DDC949574BA14ABD49C962CBECD7EF0200000090FCD1407E7382DEBE7A75BD4A7295916FA20E25BF7386D7951EB5BD4F442E034A4A892EF35C7D7BEA4AD440B204CC8A2E8030025F2B6FD8E03001F1747BBA64D271B121EC4826F942FE8DEDDC1634C8;
870087076;O sequestro da centro-direita;Impressos;Impresso;O ESTADO DE S.PAULO/SĂO PAULO;675;GERAL; ;SUDESTE;SP;SĂO PAULO; ; ;396;648469,8000; ;13/03/2026 03:20:00;13/03/2026 03:00:00;Escopo IDM; ;209; ;https://visualizacao.boxnet.com.br/?t=00DDC949574BA14ABD49C962CBECD7EF02000000F36F30A0FC583EBEA1B1911C4CFDACDEA5D9AC0E2FAA08445036A1D206933CA86AD849E400A94E51D1FFD8BEDF41D71141AEACE5987B791CDF9FFBC06B1DDEA6856BDF5017AEDBE4F8DF3687B782A57B;
870087077;C&A completa 50 anos como protagonista da transformaçăo do varejo de moda no Brasil;Impressos;Impresso;O ESTADO DE S.PAULO/SĂO PAULO;675;GERAL; ;SUDESTE;SP;SĂO PAULO; ; ;542;887552,1000; ;13/03/2026 03:20:00;13/03/2026 03:00:00;Escopo IDM; ;209; ;https://visualizacao.boxnet.com.br/?t=00DDC949574BA14ABD49C962CBECD7EF020000003DB0C1E0D2CE5FA1244D9B9F04BA03029497A07D484C6BFA90915842AAE80BCB83DF92288AA61C9116F295DD4163C9450F18F71B0116358A44592D2743C0F9EE9119236779E0AC70FDAF5D4C561F026B;
870087078;Exportaçőes de aço para os EUA recuam 8,3%;Impressos;Impresso;O ESTADO DE S.PAULO/SĂO PAULO;675;GERAL; ;SUDESTE;SP;SĂO PAULO; ; ;138;225981,9000; ;13/03/2026 03:20:00;13/03/2026 03:00:00;Escopo IDM; ;209; ;https://visualizacao.boxnet.com.br/?t=00DDC949574BA14ABD49C962CBECD7EF020000008A1E5ECE56EBC9804EE9A75B42D9E2F9970A5A1D26E2E8A030E16FD9F13525DDD76CE67C7975B536294FC221EC7953B3C7F1FBDD09254112AD1EFD7F2187EEEE970F710737000DABBA2B936479EDABE8;
870087079;Cunhado de Vorcaro foi sócio de donos dos sites PlatôBR e Brazil Journal;Impressos;Impresso;O ESTADO DE S.PAULO/SĂO PAULO;675;ESPAÇO ABERTO; ;SUDESTE;SP;SĂO PAULO; ; ;1338;2191041,9000; ;13/03/2026 03:20:00;13/03/2026 03:00:00;Escopo IDM; ;209; ;https://visualizacao.boxnet.com.br/?t=00DDC949574BA14ABD49C962CBECD7EF020000006C0D5BCB3631DC5E38640CB55D912772A8A72D897547BB1EEDF2EB45EC610A022ECCAB56FDBFA5CFEA167BBEB696025855C10544D2DA9F2B73AAD92AD3AF525C46202C62323184B31510D2D1CF677B82;
870087080;Mensalidade escolar pressiona e IPCA sobe 0,7%;Impressos;Impresso;O ESTADO DE S.PAULO/SĂO PAULO;675;ESPAÇO ABERTO; ;SUDESTE;SP;SĂO PAULO; ; ;645;1056219,7500; ;13/03/2026 03:20:00;13/03/2026 03:00:00;Escopo IDM; ;209; ;https://visualizacao.boxnet.com.br/?t=00DDC949574BA14ABD49C962CBECD7EF020000009D4A9B7940F6B7DAEF0C102B4C9508D315B65883EB346FE0BD62C74524A8A24078E312806A95D24C75C514EA8BA81D80333B5487BBA05645B6084B0FF5FE4952B54E4943AE450FE381C4866511B0BEE3;
870087081;Com piora do mercado, MRV&CO reduz os seus negócios nos EUA;Impressos;Impresso;O ESTADO DE S.PAULO/SĂO PAULO;675;GERAL; ;SUDESTE;SP;SĂO PAULO; ; ;573;938316,1500; ;13/03/2026 03:20:00;13/03/2026 03:00:00;Escopo IDM; ;209; ;https://visualizacao.boxnet.com.br/?t=00DDC949574BA14ABD49C962CBECD7EF02000000DA279ED939FD99A4D0CA61613AB00BBD62489F8FCA42E661511AAED4D179C7D8C58CBFA4A35C47A1EA8B92C39602824E69A5984794C91D6DA6C2C0E4A2E687ADA1D663DFAA3AD8F513BC0BA3464A46AA;
870087082;Há recuo, mas índice ainda está fora do centro da meta;Impressos;Impresso;O ESTADO DE S.PAULO/SĂO PAULO;675;GERAL; ;SUDESTE;SP;SĂO PAULO; ; ;258;422487,9000; ;13/03/2026 03:20:00;13/03/2026 03:00:00;Escopo IDM; ;209; ;https://visualizacao.boxnet.com.br/?t=00DDC949574BA14ABD49C962CBECD7EF02000000D4921E78E28326E5F60CD3A327648AF3FD1AF5499D8C4B5E58094B3842D2F8B50FD67F58589B1C9115FDE9AA3B116B5C2AB0CA46192BD50F7140952C28C6192D622FC16AB8639A8F0F0E901D5C09B2B9;
870087083;Cabaret Brasil;Impressos;Impresso;O ESTADO DE S.PAULO/SĂO PAULO;675;GERAL; ;SUDESTE;SP;SĂO PAULO; ; ;414;677945,7000; ;13/03/2026 03:20:00;13/03/2026 03:00:00;Escopo IDM; ;209; ;https://visualizacao.boxnet.com.br/?t=00DDC949574BA14ABD49C962CBECD7EF0200000030AE11B4B79F1D130015C5BFDEC3CFE6C55F0381291E0FD7FF8CBC05CCECA6216814A3460EA505D9363C5B4CCABACC4AF9642312947F2CB794D50B2C13071F52F8939328B965C0F511DC73949494C570;
870087084;Maioria do mercado prevę corte de 0,5 ponto na Selic;Impressos;Impresso;O ESTADO DE S.PAULO/SĂO PAULO;675;GERAL; ;SUDESTE;SP;SĂO PAULO; ; ;131;214519,0500; ;13/03/2026 03:20:00;13/03/2026 03:00:00;Escopo IDM; ;209; ;https://visualizacao.boxnet.com.br/?t=00DDC949574BA14ABD49C962CBECD7EF02000000886E6B26BB3973567BA162AAD68FE6041A21528C32559483E0687D87907BC7AA1E89603B383D0CC38FE1F5F768348E2AAC988038C5F6F87F0852C55D2647F8E95ECE2DE714F3D233EBED41DE70CC9371;
870087085;Toffoli o suspeito;Impressos;Impresso;O ESTADO DE S.PAULO/SĂO PAULO;675;ESPAÇO ABERTO; ;SUDESTE;SP;SĂO PAULO; ; ;690;1129909,5000; ;13/03/2026 03:20:00;13/03/2026 03:00:00;Escopo IDM; ;209; ;https://visualizacao.boxnet.com.br/?t=00DDC949574BA14ABD49C962CBECD7EF020000003C00E540E22047C033B16B48C7376F823057C7CC6E70D3E25264FA730D062CA2ABFCBA8E4DFAD00B5C1F9D36963DA8C8A6F789EB1ADCD91F3E6E64D45518AEDD5AD79243476EF604B674CA5005475D62;
870087086;Verdade e mentira Chay Suede estrela peça em que une ficçăo e realidade para falar de sua formaçăo;Impressos;Impresso;O ESTADO DE S.PAULO/SĂO PAULO;675;ESPAÇO ABERTO; ;SUDESTE;SP;SĂO PAULO; ; ;1311;2146828,0500; ;13/03/2026 03:20:00;13/03/2026 03:00:00;Escopo IDM; ;209; ;https://visualizacao.boxnet.com.br/?t=00DDC949574BA14ABD49C962CBECD7EF02000000AFAF1F0606EA9BB0AD63A6A33CEB9D3040445F6A571FE3EB46919E73B30BD0D1A1191B0B49D8FFF91F52ED1E0FB980D4AC32557215FD6D5601026055F1A0F418D36A7A49BD5595C2BB06AA0735BF17F3;
870087087;Expedient e;Impressos;Impresso;O ESTADO DE S.PAULO/SĂO PAULO;675;ESPAÇO ABERTO; ;SUDESTE;SP;SĂO PAULO; ; ;109;178492,9500; ;13/03/2026 03:20:00;13/03/2026 03:00:00;Escopo IDM; ;209; ;https://visualizacao.boxnet.com.br/?t=00DDC949574BA14ABD49C962CBECD7EF020000002927035233A58964EE0A897E9206085B230606A1DE76A477FB0FB791B8346E31B1F5AC64B5118936931070DB68DD25A48B0B6458AB4F7DA3986FB1E030DF4D8755B35D20377345227ADCDE5AABDF786F;
870087088;Wagner Moura será um dos apresentadores da festa;Impressos;Impresso;O ESTADO DE S.PAULO/SĂO PAULO;675;GERAL; ;SUDESTE;SP;SĂO PAULO; ; ;158;258732,9000; ;13/03/2026 03:20:00;13/03/2026 03:00:00;Escopo IDM; ;209; ;https://visualizacao.boxnet.com.br/?t=00DDC949574BA14ABD49C962CBECD7EF020000006E8E0A046B1C2477D7A1C9B044241143AA4D37775D43E0C4138DB2B79E0F14FC9FB98FF9EC6ED3CBF1735D310B0338111CAEB1D39CB3B419F795B642AE265FE509338F456AF2E7367BE95F3FCFB8AB86;
870087089;Rumo perigoso da IA nos EUA;Impressos;Impresso;O ESTADO DE S.PAULO/SĂO PAULO;675;ESPAÇO ABERTO; ;SUDESTE;SP;SĂO PAULO; ; ;547;895739,8500; ;13/03/2026 03:20:00;13/03/2026 03:00:00;Escopo IDM; ;209; ;https://visualizacao.boxnet.com.br/?t=00DDC949574BA14ABD49C962CBECD7EF020000009615026DDCBD0CCBED959C5B642AC80D5F5E3D8DB51064D9F514AA772D207217062725F8F9051B811E8FF217E9FC0852CFF2B7ADE7FBD49976E7015A35A4D6598D5880911799C3459EB108304F457A61;
870087090;Carol Prado De onde vem o molho?;Impressos;Impresso;O ESTADO DE S.PAULO/SĂO PAULO;675;GERAL; ;SUDESTE;SP;SĂO PAULO; ; ;415;679583,2500; ;13/03/2026 03:20:00;13/03/2026 03:00:00;Escopo IDM; ;209; ;https://visualizacao.boxnet.com.br/?t=00DDC949574BA14ABD49C962CBECD7EF02000000B7DFD84566A0203A959C4E037289FB62D752D8FDA311A27D0516B99B9ED263C1AF809B06F2AE72D29722B00070AA27B1F490614150876E7B627F22DFF8285C50C9B1A3277D2A84F666591DA2A0865BED;
870087091;Exposiçăo conta a história dos fotolivros feitos por mulheres;Impressos;Impresso;O ESTADO DE S.PAULO/SĂO PAULO;675;GERAL; ;SUDESTE;SP;SĂO PAULO; ; ;379;620631,4500; ;13/03/2026 03:20:00;13/03/2026 03:00:00;Escopo IDM; ;209; ;https://visualizacao.boxnet.com.br/?t=00DDC949574BA14ABD49C962CBECD7EF02000000284CFFB24962F3A795E4539C1D4FAA67C10C93DF457F5CF6AA402C2EF18DA9D422FF6665943B35B824D8E297AA6F2C6F989F1ADC20BB97ED862637C88D882B5C8B34CC586848892706F515CADA7AEA5D;
870087092;Vozes femininas dominam agenda de shows do fim de semana;Impressos;Impresso;O ESTADO DE S.PAULO/SĂO PAULO;675;GERAL; ;SUDESTE;SP;SĂO PAULO; ; ;600;982530,0000; ;13/03/2026 03:20:00;13/03/2026 03:00:00;Escopo IDM; ;209; ;https://visualizacao.boxnet.com.br/?t=00DDC949574BA14ABD49C962CBECD7EF02000000B7A555FE32D7B42C1679E55088BE8DC5EC4BE92CEEF75AE36C62870F2D99F9B6E47F63157C9D5C3105D8BA2C50CC38369242263BD889124AFEFFF1C36EE23549E1F34538C38564898B801EBCEDA21FA4;
870087093;Cirurgia robótica é realizada pela i.avezno SUS;Impressos;Impresso;O ESTADO DE S.PAULO/SĂO PAULO;675;ESPAÇO ABERTO; ;SUDESTE;SP;SĂO PAULO; ; ;565;925215,7500; ;13/03/2026 03:20:00;13/03/2026 03:00:00;Escopo IDM; ;209; ;https://visualizacao.boxnet.com.br/?t=00DDC949574BA14ABD49C962CBECD7EF02000000593EF8C904DA435F62FDC144E53689798C41B67A47B46C8FBB805770FDFB434CF2DDC24629A0E8B688BEFD5D6AB7C1BABADC6C6C9CE265FF9DE2F9EF0EFC1EEEC0691DAD1941CFB79F914E759FEBD1DA;
870087094;Orishas;Impressos;Impresso;O ESTADO DE S.PAULO/SĂO PAULO;675;GERAL; ;SUDESTE;SP;SĂO PAULO; ; ;67;109715,8500; ;13/03/2026 03:20:00;13/03/2026 03:00:00;Escopo IDM; ;209; ;https://visualizacao.boxnet.com.br/?t=00DDC949574BA14ABD49C962CBECD7EF02000000E7F8FB749D4C0F6F7F96BDDD7C281F03053613D3ED804C376A8C56AF486DD653DAA10EE08D46C20836093C1352A591139ACEF6694BD41848880634D7340651A281F69ADC9DB4322DA4DAB6D655AACE48;
870087095;Ziggy & Miles;Impressos;Impresso;O ESTADO DE S.PAULO/SĂO PAULO;675;GERAL; ;SUDESTE;SP;SĂO PAULO; ; ;68;111353,4000; ;13/03/2026 03:20:00;13/03/2026 03:00:00;Escopo IDM; ;209; ;https://visualizacao.boxnet.com.br/?t=00DDC949574BA14ABD49C962CBECD7EF02000000D272AD7993BE4536231F7D522264C36A8A2390EB96A0FA0CBABBC783C712F6BB991391E856214528B16870E2632522B0143E009CD4CD37EE2DC64237834AF31F5B73F0E6131CCE9C3D8B1F250F5092DA;
870087096;Trump năo sabe como acabar com a guerra;Impressos;Impresso;O ESTADO DE S.PAULO/SĂO PAULO;675;ESPAÇO ABERTO; ;SUDESTE;SP;SĂO PAULO; ; ;1325;2169753,7500; ;13/03/2026 03:20:00;13/03/2026 03:00:00;Escopo IDM; ;209; ;https://visualizacao.boxnet.com.br/?t=00DDC949574BA14ABD49C962CBECD7EF0200000016506046CE03A672FC5A6B562AE29977EDB36B9B7464418C6B5AB0BFE70D84A4002D911766AB61EE4EE28982EFCB9A02F0C8171745628E5825BEA9FF3E92304935C221414D19FF009F11A2BBAD697AD0;
870087097;Maiores inovaçőes do agronegócio virăo de IA e nanotecnologia;Impressos;Impresso;O ESTADO DE S.PAULO/SĂO PAULO;675;ESPAÇO ABERTO; ;SUDESTE;SP;SĂO PAULO; ; ;1317;2156653,3500; ;13/03/2026 03:20:00;13/03/2026 03:00:00;Escopo IDM; ;209; ;https://visualizacao.boxnet.com.br/?t=00DDC949574BA14ABD49C962CBECD7EF02000000B8133BF966284564AAF75D3C7C39C544B9D55F25B0E5733D0FD856F8C1C5B490331937D144CD620BA467F081F4DC4046CDD65A5715D82A6B28276C12B5974F68163CD4CD0FD919642AF38074CF01E565;
870087098;Paisagem carioca no concreto paulistano;Impressos;Impresso;O ESTADO DE S.PAULO/SĂO PAULO;675;GERAL; ;SUDESTE;SP;SĂO PAULO; ; ;1193;1953597,1500; ;13/03/2026 03:20:00;13/03/2026 03:00:00;Escopo IDM; ;209; ;https://visualizacao.boxnet.com.br/?t=00DDC949574BA14ABD49C962CBECD7EF0200000046E5A1A2E683C2C97B97F1A6F3A67DAB7758BDA74AA9729582D3EE6D918A214099510A322845FFF6F052BA2EAEA76BF6406ADBD1E8C52E66355230ABC06DFCC3B92DE7110B3F8A11E4C066106476B2BA;
870087099;Eleita melhor cafeteria do Brasil, Cupping aposta no artesanato;Impressos;Impresso;O ESTADO DE S.PAULO/SĂO PAULO;675;GERAL; ;SUDESTE;SP;SĂO PAULO; ; ;823;1347703,6500; ;13/03/2026 03:20:00;13/03/2026 03:00:00;Escopo IDM; ;209; ;https://visualizacao.boxnet.com.br/?t=00DDC949574BA14ABD49C962CBECD7EF0200000035AC8ABA9421D409AC314201A8CADB8D3257CC9F3B35149ABABB7EC4E51AC8D04582BA3E750AC8D9EBD0CD76C286A9A48288660B63CA57A01B57D01A0DC50A3F4006FF7EE3531951F7282572D20017A0;
870087100;Ainda dá tempo de se preparar para o Oscar;Impressos;Impresso;O ESTADO DE S.PAULO/SĂO PAULO;675;ESPAÇO ABERTO; ;SUDESTE;SP;SĂO PAULO; ; ;519;849888,4500; ;13/03/2026 03:20:00;13/03/2026 03:00:00;Escopo IDM; ;209; ;https://visualizacao.boxnet.com.br/?t=00DDC949574BA14ABD49C962CBECD7EF02000000BBA2CE69B85D02C69AFE17EC405EB9F2D8DD802557C48D9E0BD67F967F48438D1E97C8F220A3B1E419A17331E8DAD5DF9AF77C47F65D08B9B6BA95C3566C8828178BFA5213B719F0C14D24A5C6BAA991;
870087101;Israel ataca centro de Beirute e ameaça tomar partes do Líbano;Impressos;Impresso;O ESTADO DE S.PAULO/SĂO PAULO;675;INTERNACIONAL; ;SUDESTE;SP;SĂO PAULO; ; ;796;1303489,8000; ;13/03/2026 03:20:00;13/03/2026 03:00:00;Escopo IDM; ;209; ;https://visualizacao.boxnet.com.br/?t=00DDC949574BA14ABD49C962CBECD7EF02000000512F177B0F2F30733E7D24324E70775C56BC5AB7C83AD5FF30AF53AEF8A5F7B764FDDF348DA58FFC27D585BDF675563B19B01579775ACB3887CDA3511D3FFAF72A1FB3D6B10335BE1542DD1887FF1C1C;
870087102;'O Agente Secreto';Impressos;Impresso;O ESTADO DE S.PAULO/SĂO PAULO;675;GERAL; ;SUDESTE;SP;SĂO PAULO; ; ;143;234169,6500; ;13/03/2026 03:20:00;13/03/2026 03:00:00;Escopo IDM; ;209; ;https://visualizacao.boxnet.com.br/?t=00DDC949574BA14ABD49C962CBECD7EF02000000E9E3E886D246CB026B959C13BB2C6C52C2B49EC425CDE4919F6F524AC11305F46DE095D5EEFB52AEC4430C8B0859625731602E00ABEFDF3D0DA0F7B0EB8DD4B73E694CCE5100FA133B7692AEF71587D3;
870087103;'Uma Batalha Após a Outra';Impressos;Impresso;O ESTADO DE S.PAULO/SĂO PAULO;675;GERAL; ;SUDESTE;SP;SĂO PAULO; ; ;127;207968,8500; ;13/03/2026 03:20:00;13/03/2026 03:00:00;Escopo IDM; ;209; ;https://visualizacao.boxnet.com.br/?t=00DDC949574BA14ABD49C962CBECD7EF02000000345E201CEA768D01779B954AB63C0701E5914A149763AD93326F0F5A247A6098711F4117560D4C84FC16F21AC3C88A40444C670787D56958FD8590C0CB78E8C8BC47579D44A338F6D17342F3BA36DDE1;
870087104;'Bugonia';Impressos;Impresso;O ESTADO DE S.PAULO/SĂO PAULO;675;GERAL; ;SUDESTE;SP;SĂO PAULO; ; ;127;207968,8500; ;13/03/2026 03:20:00;13/03/2026 03:00:00;Escopo IDM; ;209; ;https://visualizacao.boxnet.com.br/?t=00DDC949574BA14ABD49C962CBECD7EF0200000041EDAC35511DDC9924277684837B542773E8197DD1FE3721D704C78AA107BFA4164CAF2AF514C87D8FE70B96DEC943D22A4685CDEDF0DC5AC2BC62529B9291756EA620A3C97D785447BF56FA6A5DE8AF;
870087105;'Fl: O Filme';Impressos;Impresso;O ESTADO DE S.PAULO/SĂO PAULO;675;GERAL; ;SUDESTE;SP;SĂO PAULO; ; ;127;207968,8500; ;13/03/2026 03:20:00;13/03/2026 03:00:00;Escopo IDM; ;209; ;https://visualizacao.boxnet.com.br/?t=00DDC949574BA14ABD49C962CBECD7EF0200000095A7B9A225707C6A911EF334263A1D95D4D4378A1237AD9F50B5547ECBB3D9E7B39885DFA83A232E09DA42F0B0D794FD8DB441DBCD120313C6008B144C83F8E08886F9AF577B725F0B32BAAC8F5E2957;
870087106;China impőe mandarim como língua oficial e fecha cerco ŕs minorias;Impressos;Impresso;O ESTADO DE S.PAULO/SĂO PAULO;675;INTERNACIONAL; ;SUDESTE;SP;SĂO PAULO; ; ;290;474889,5000; ;13/03/2026 03:20:00;13/03/2026 03:00:00;Escopo IDM; ;209; ;https://visualizacao.boxnet.com.br/?t=00DDC949574BA14ABD49C962CBECD7EF02000000E31AF7EF1B530CE092D5499A36850ECAAD2995723F083FF4CFE9E4CEE24B43BA6FB4EA4198C3C4247A066A146263BE4940E0E9A2DD88751534C4E8BC6EE8AE4C1949EB6EF0EB85B1E222C9554F16F54E;
870087107;'Frankenstein';Impressos;Impresso;O ESTADO DE S.PAULO/SĂO PAULO;675;GERAL; ;SUDESTE;SP;SĂO PAULO; ; ;128;209606,4000; ;13/03/2026 03:20:00;13/03/2026 03:00:00;Escopo IDM; ;209; ;https://visualizacao.boxnet.com.br/?t=00DDC949574BA14ABD49C962CBECD7EF02000000A885E9868ABFA8909F6091ED704FEAB1B262CF33FC6F18DCAECB76D79C721EFE6DFD8C50FDFA559FEBE2B3D74BDAB6905F8D6C881838A1A9DAA9C8A9969B97E45ACA67202D98719621A6A094431219BA;
870087108;'Hamnet';Impressos;Impresso;O ESTADO DE S.PAULO/SĂO PAULO;675;GERAL; ;SUDESTE;SP;SĂO PAULO; ; ;105;171942,7500; ;13/03/2026 03:20:00;13/03/2026 03:00:00;Escopo IDM; ;209; ;https://visualizacao.boxnet.com.br/?t=00DDC949574BA14ABD49C962CBECD7EF02000000F4A4BAA40DB450B16D6221DE4341E4908CEFE6F3F5C5B3793D9CEC9B2214FF17E63822C37C2B6B8E8EA2553F143E4EC386ABF292D871B12A13154A462348BADAC0078DD232C550EB94C37A259A698EFE;
870087109;'Marty Supreme';Impressos;Impresso;O ESTADO DE S.PAULO/SĂO PAULO;675;GERAL; ;SUDESTE;SP;SĂO PAULO; ; ;104;170305,2000; ;13/03/2026 03:20:00;13/03/2026 03:00:00;Escopo IDM; ;209; ;https://visualizacao.boxnet.com.br/?t=00DDC949574BA14ABD49C962CBECD7EF020000002CFDC32CB46A57B035F0B31D19BB997C40732C2351C55482297C1480C43F946994DDEB4A937CB96EC11DE5912130C8E8B00AA86162CABCA9458393E441E4E166C2BDC755580DC9751D26E5D66AA182C0;
870087110;'Pecadores';Impressos;Impresso;O ESTADO DE S.PAULO/SĂO PAULO;675;GERAL; ;SUDESTE;SP;SĂO PAULO; ; ;105;171942,7500; ;13/03/2026 03:20:00;13/03/2026 03:00:00;Escopo IDM; ;209; ;https://visualizacao.boxnet.com.br/?t=00DDC949574BA14ABD49C962CBECD7EF020000001F1F5246FAF58F2C7E18690730A2D17AAC90030D3B6E6C9F2852FDB18577F85CF8A7383164510F13D73480197F83F61AB4B4D7DC10950140B7B1716FB0EEDCE9903140E512C1245DFA740921F1DB9A28;
870087111;'Sonhos de Trem';Impressos;Impresso;O ESTADO DE S.PAULO/SĂO PAULO;675;GERAL; ;SUDESTE;SP;SĂO PAULO; ; ;105;171942,7500; ;13/03/2026 03:20:00;13/03/2026 03:00:00;Escopo IDM; ;209; ;https://visualizacao.boxnet.com.br/?t=00DDC949574BA14ABD49C962CBECD7EF0200000062267280DE706BEBDB3355261B11BC05C6EBCC7E90495EF2D7B0471776DB7FC60F3F2B523FFEA6703B57CA3A343F9D0630EF28975FF23BEBAC18DDD7489236100F7835197E8291CB736078F4CAE18FB6;
870087112;'Valor Sentimental';Impressos;Impresso;O ESTADO DE S.PAULO/SĂO PAULO;675;GERAL; ;SUDESTE;SP;SĂO PAULO; ; ;103;168667,6500; ;13/03/2026 03:20:00;13/03/2026 03:00:00;Escopo IDM; ;209; ;https://visualizacao.boxnet.com.br/?t=00DDC949574BA14ABD49C962CBECD7EF02000000BE8136947523AE42B3DE24376E9FA4719C8C987C8B14E4FAFF734FE7CE3C631C84325D47FDB4819E9D2EB2C589CBC919A892A2672C92AB4CFE122FF246CAE2ACBD1E1D9D89CA857CC91EBF254D30437E;
870087113;'Foi Apenas um Acidente';Impressos;Impresso;O ESTADO DE S.PAULO/SĂO PAULO;675;GERAL; ;SUDESTE;SP;SĂO PAULO; ; ;106;173580,3000; ;13/03/2026 03:20:00;13/03/2026 03:00:00;Escopo IDM; ;209; ;https://visualizacao.boxnet.com.br/?t=00DDC949574BA14ABD49C962CBECD7EF020000009EF38CB11694609D552012678F849C912E96B84DFC15C5166DA2BDC1670105DA3B73D2D84D67FF322995C2F3442540131C4CB215B4A25A94C6B6129BEFF5BA619DAF8201E2E18A134FC771A47873623E;
870087114;'Sirât';Impressos;Impresso;O ESTADO DE S.PAULO/SĂO PAULO;675;GERAL; ;SUDESTE;SP;SĂO PAULO; ; ;103;168667,6500; ;13/03/2026 03:20:00;13/03/2026 03:00:00;Escopo IDM; ;209; ;https://visualizacao.boxnet.com.br/?t=00DDC949574BA14ABD49C962CBECD7EF02000000FE83581934FB4F3C068A011586DB38B858A708493AEEC614018EC3FDF64755F419237832B768AA4BB6E4331A175E6BEF9CB163EFC8192AC3C7B19F09E38A42F411D3FDD9190730EBDF6C3545DD0B6063;
870087115;'Se Eu Tivesse Pernas, Eu Te Chutaria';Impressos;Impresso;O ESTADO DE S.PAULO/SĂO PAULO;675;GERAL; ;SUDESTE;SP;SĂO PAULO; ; ;105;171942,7500; ;13/03/2026 03:20:00;13/03/2026 03:00:00;Escopo IDM; ;209; ;https://visualizacao.boxnet.com.br/?t=00DDC949574BA14ABD49C962CBECD7EF020000003A7620169C860F3887CD23C3FE654CB6465739DBC213FB9E2BEA54D0DFD5131EC9495C18C9B1C687A463702DAF677415F616AD110A1C23899488707F9D377DBE0EE45837DE82920ACBFED8E68B308666;
870087116;'Blue Moon';Impressos;Impresso;O ESTADO DE S.PAULO/SĂO PAULO;675;GERAL; ;SUDESTE;SP;SĂO PAULO; ; ;103;168667,6500; ;13/03/2026 03:20:00;13/03/2026 03:00:00;Escopo IDM; ;209; ;https://visualizacao.boxnet.com.br/?t=00DDC949574BA14ABD49C962CBECD7EF020000009B0037F55D3987B888A38DE704AE24B115574A8EA4E6300B96B68492D990F94D040728F9C27A4C63F20AC2AC5191B4E865E361FA45F52E1DC2702C1C14B87959C9B0D5C445C6D2FBB599DAE9880E26E8;
870087117;Novo presidente vai construir 'barreiras físicas' na fronteira com a Bolívia para conter imigraçăo;Impressos;Impresso;O ESTADO DE S.PAULO/SĂO PAULO;675;INTERNACIONAL; ;SUDESTE;SP;SĂO PAULO; ; ;55;90065,2500; ;13/03/2026 03:20:00;13/03/2026 03:00:00;Escopo IDM; ;209; ;https://visualizacao.boxnet.com.br/?t=00DDC949574BA14ABD49C962CBECD7EF02000000422223BEB9932BACFE97127503879553F3017D1DBD54D03378C971E12F4CF86BC7815ADADE5D115C8C30B8FF21C546A34DCE13F810AB42DF5E98D5A8475D89CB72351345FF3D84F92D9D40670C10CB8E;
870087118;'Song Sung Blue';Impressos;Impresso;O ESTADO DE S.PAULO/SĂO PAULO;675;GERAL; ;SUDESTE;SP;SĂO PAULO; ; ;104;170305,2000; ;13/03/2026 03:20:00;13/03/2026 03:00:00;Escopo IDM; ;209; ;https://visualizacao.boxnet.com.br/?t=00DDC949574BA14ABD49C962CBECD7EF0200000071C55BD07528D4B3F638A6ADA204D864476F9C18277A69CA56D6F2A5A3039908DE00604859D1B826FB0552EFB6EC4C58ECDEE23336067FE376B9D10143D9B3F0A00508ED460F4DBFA3FE2D23D7D7E118;
870087119;Justiça determina bloqueio de R$ 200 mil da Fictor Invest antes de recuperaçăojudicial;Impressos;Impresso;O ESTADO DE S.PAULO/SĂO PAULO;675;ESPAÇO ABERTO; ;SUDESTE;SP;SĂO PAULO; ; ;885;1449231,7500; ;13/03/2026 03:20:00;13/03/2026 03:00:00;Escopo IDM; ;209; ;https://visualizacao.boxnet.com.br/?t=00DDC949574BA14ABD49C962CBECD7EF02000000B931D38A0D31C8CAD115FE90A0ED02C9E8269124B388FDB9C0C34AF0C1B0C4E40865417FE818FD66FC70605576EE095E74AA3DCB6F57C01B93025F145F3FB9F822C517D94FA95480D27F790CFF38065B;
870087120;Bukele ironiza acusaçőes de crimes contra a humanidade feitas por presos políticos;Impressos;Impresso;O ESTADO DE S.PAULO/SĂO PAULO;675;INTERNACIONAL; ;SUDESTE;SP;SĂO PAULO; ; ;55;90065,2500; ;13/03/2026 03:20:00;13/03/2026 03:00:00;Escopo IDM; ;209; ;https://visualizacao.boxnet.com.br/?t=00DDC949574BA14ABD49C962CBECD7EF02000000A67FEFCE6632A7D1FB91C93CF0E88EBF296DB148F1D86CEAEB46839BE9C7D00362DCFC959E26C0EF7DA3F264112451E2A4C6B5C5BFCC0CA69E7901094FC30280FBFF8B92D213C0C2024717BF02DDD15F;
870087121;Horizonte promissor para a construçăo;Impressos;Impresso;O ESTADO DE S.PAULO/SĂO PAULO;675;METRÓPOLE; ;SUDESTE;SP;SĂO PAULO; ; ;276;451963,8000; ;13/03/2026 03:20:00;13/03/2026 03:00:00;Escopo IDM; ;209; ;https://visualizacao.boxnet.com.br/?t=00DDC949574BA14ABD49C962CBECD7EF0200000037158E88C90AD51BB79B18533057478742D470EF256EC4EDED3B64DE8BEC00F803CDA6ACABECC0C3D68ACFEE4AD0DC1A5DC3594106406A64B133D6DD567360B9061918D434BAE410B80448A44C4BE9AC;
870087122;Relatório da Oxfam indica que 1% da populaçăo mexicana detém 40% da riqueza do país;Impressos;Impresso;O ESTADO DE S.PAULO/SĂO PAULO;675;INTERNACIONAL; ;SUDESTE;SP;SĂO PAULO; ; ;55;90065,2500; ;13/03/2026 03:20:00;13/03/2026 03:00:00;Escopo IDM; ;209; ;https://visualizacao.boxnet.com.br/?t=00DDC949574BA14ABD49C962CBECD7EF02000000E9F53D0B9FE4663C1D20057020D860F4985CB4B589644E960F94D7B87861A46B5678DB4A10EF03229621F64874B9F41761C0FD987DD4DA4FCE1F472EAE55F8FED5385455640373A5388AC347435FDAB0;
870087123;Estreias;Impressos;Impresso;O ESTADO DE S.PAULO/SĂO PAULO;675;GERAL; ;SUDESTE;SP;SĂO PAULO; ; ;123;201418,6500; ;13/03/2026 03:20:00;13/03/2026 03:00:00;Escopo IDM; ;209; ;https://visualizacao.boxnet.com.br/?t=00DDC949574BA14ABD49C962CBECD7EF02000000BE50FE8D41FC7BC2324C3C707D9452A313DA22D2AB9B8F24A166D820ECEA427F1BE8A1910F6A783E4C83CD06072DE8A4AFCF08E967C96CECCBDF5D6667AC7FAFB0C2487C1D52F287DAB7DC73FF77A680;
870087124;Intervençăo no mercado de petróleo;Impressos;Impresso;O ESTADO DE S.PAULO/SĂO PAULO;675;ESPAÇO ABERTO; ;SUDESTE;SP;SĂO PAULO; ; ;454;743447,7000; ;13/03/2026 03:20:00;13/03/2026 03:00:00;Escopo IDM; ;209; ;https://visualizacao.boxnet.com.br/?t=00DDC949574BA14ABD49C962CBECD7EF020000006421738EAFC7E9E5062FFEDB2ADAAADCE0D9738C18AEEC3546D54C47233ECD0A584CDD2ACEEED9A15A4B79F9AA287A6BD5CDF46C234178A357F495FC9598686FBCA09A7044A74C838A0A150E29B1B96D;
870087125;'A cidade é como um paciente com doença crônica';Impressos;Impresso;O ESTADO DE S.PAULO/SĂO PAULO;675;METRÓPOLE; ;SUDESTE;SP;SĂO PAULO; ; ;511;836788,0500; ;13/03/2026 03:20:00;13/03/2026 03:00:00;Escopo IDM; ;209; ;https://visualizacao.boxnet.com.br/?t=00DDC949574BA14ABD49C962CBECD7EF02000000A78C2701E95BA10C06C047F706AE0146418E8A1B6EF7F067E329A2418016FB2BE5E6B58C72B83FBDBE55C786A945219B892E330BFE060F82B26B463BF1BF644F12E16AF12482D67B97761FD4EB74C4E8;
870087126;Série quase mata o seu personagem mais querido;Impressos;Impresso;O ESTADO DE S.PAULO/SĂO PAULO;675;GERAL; ;SUDESTE;SP;SĂO PAULO; ; ;193;316047,1500; ;13/03/2026 03:20:00;13/03/2026 03:00:00;Escopo IDM; ;209; ;https://visualizacao.boxnet.com.br/?t=00DDC949574BA14ABD49C962CBECD7EF02000000724CE74FDBCE6E0C7709C0FCEB39FEB1D14A424F1F620E481A1A701574509E0C72D3D20A1619B725A3C182A4C539DD271F1EFBCB1F89B09343BE278BC1634EB2A04BA5C8DEC119CF7A0654CFD3AA3458;
870087127;Preço do petróleo volta a superar US$ 100 após novos ataques do Iră;Impressos;Impresso;O ESTADO DE S.PAULO/SĂO PAULO;675;GERAL; ;SUDESTE;SP;SĂO PAULO; ; ;502;822050,1000; ;13/03/2026 03:20:00;13/03/2026 03:00:00;Escopo IDM; ;209; ;https://visualizacao.boxnet.com.br/?t=00DDC949574BA14ABD49C962CBECD7EF0200000015ACFA6EAD11E718BF8C9E29C60D672E6518208E40D2CF2C5D320D1C4FD468A1C0FCBB32B8A64CF2DAB037BC5F4AFBDD5E3170D4A8924B76ADCEECF70EFAAC8FA4496B85FF4DC032E3DA0F47FA995945;
870087128;'Os Dinossauros' é fascinante, mas é boa para as crianças?;Impressos;Impresso;O ESTADO DE S.PAULO/SĂO PAULO;675;ESPAÇO ABERTO; ;SUDESTE;SP;SĂO PAULO; ; ;573;938316,1500; ;13/03/2026 03:20:00;13/03/2026 03:00:00;Escopo IDM; ;209; ;https://visualizacao.boxnet.com.br/?t=00DDC949574BA14ABD49C962CBECD7EF02000000F337DC40B0D34DD0CD3AC33A264BC8634CD0AAA3BD3A6425E155E977C2FF77DDB5C7D8EA5FFF532E3519E3CC229451BF5AA2AC3955432D2C4F5B5D9D472AE12F29DFBEAA5CCADC9AF0E96BC770CC3939;
870087129;Gol anuncia 3 novos destinos internacionais;Impressos;Impresso;O ESTADO DE S.PAULO/SĂO PAULO;675;GERAL; ;SUDESTE;SP;SĂO PAULO; ; ;599;980892,4500; ;13/03/2026 03:20:00;13/03/2026 03:00:00;Escopo IDM; ;209; ;https://visualizacao.boxnet.com.br/?t=00DDC949574BA14ABD49C962CBECD7EF02000000EB3AA1E0A13E3FEC2C3658D0961ECF47FE194B7EBE5BF61992BA8819BA0C1B0FB6A0E3E058443AAD84B4E8B6DE38BCCB6840D7DA8867E3EE1EF1F5F823D0EE808B43CB7BC53B360A7E2B8E870E269189;
870087130;Quatro anos depois, Lula repete erro de Bolsonaro;Impressos;Impresso;O ESTADO DE S.PAULO/SĂO PAULO;675;ESPAÇO ABERTO; ;SUDESTE;SP;SĂO PAULO; ; ;330;540391,5000; ;13/03/2026 03:20:00;13/03/2026 03:00:00;Escopo IDM; ;209; ;https://visualizacao.boxnet.com.br/?t=00DDC949574BA14ABD49C962CBECD7EF020000007403C6643489323295AED6030BC62041C1D9DE8CA5ABF0296DAFBBA8F907C17A281A86267424D23805AF2BD5789D941296CF515BBD61D756229393C8AE7372BCDDA9B8D034347B730FE3BB740EE257CD;
870087131;Defesa de Marcola solicita tratamento dado a Vorcaro;Impressos;Impresso;O ESTADO DE S.PAULO/SĂO PAULO;675;METRÓPOLE; ;SUDESTE;SP;SĂO PAULO; ; ;349;571504,9500; ;13/03/2026 03:20:00;13/03/2026 03:00:00;Escopo IDM; ;209; ;https://visualizacao.boxnet.com.br/?t=00DDC949574BA14ABD49C962CBECD7EF0200000008CB82E78CE2CCDD513BE1E68D5797910D642CA52F04ED94FFA753FC7CD09B8DFDD3857136EB86522EE7F1E01F70E7FE39CCF9E72219CA835426AAEFE19C0D8940AB969F938B9E04E325EDD3DCFEC1CE;
870087132;Os alienígenas de Spielberg;Impressos;Impresso;O ESTADO DE S.PAULO/SĂO PAULO;675;GERAL; ;SUDESTE;SP;SĂO PAULO; ; ;307;502727,8500; ;13/03/2026 03:20:00;13/03/2026 03:00:00;Escopo IDM; ;209; ;https://visualizacao.boxnet.com.br/?t=00DDC949574BA14ABD49C962CBECD7EF02000000EFE3F9C111B68B21129D103B3FEA935217D5794C196A31E6C8922FADEA9141F222AEDF73790A1546C41D6EEDD02017189B753BFE253DB9B529591E777A88ECF10853B7908D6EFC38E1966DA086D29329;
870087133;A guerra e o agro;Impressos;Impresso;O ESTADO DE S.PAULO/SĂO PAULO;675;GERAL; ;SUDESTE;SP;SĂO PAULO; ; ;439;718884,4500; ;13/03/2026 03:20:00;13/03/2026 03:00:00;Escopo IDM; ;209; ;https://visualizacao.boxnet.com.br/?t=00DDC949574BA14ABD49C962CBECD7EF02000000AE796D58299AAA8A7CB5E25A26EA74DF517FAD869F0F56059A6C15D53BE07A10B13ED2836A7EFA39128881C29EECAD0E09A0C0FAF91D90CAB93C34B0599134F80F7055BCE4CD9A5D049B1F83C0959065;
870087134;Eu pensava que 0 cinema era uma arte em extinçăo, diz Juliette Binoche;Impressos;Impresso;O ESTADO DE S.PAULO/SĂO PAULO;675;GERAL; ;SUDESTE;SP;SĂO PAULO; ; ;246;402837,3000; ;13/03/2026 03:20:00;13/03/2026 03:00:00;Escopo IDM; ;209; ;https://visualizacao.boxnet.com.br/?t=00DDC949574BA14ABD49C962CBECD7EF0200000073AA25059E81C8265F63F2CA092B984662CB3252303423E1E6CD91F62B718C83D1D1C612DDEB6CE0CBD95FACC51EE5F4A62A7689DA728CB105B4FEC3F8B50A780ECB3F89AD0ED1B4A00B86BF6E5B58FF;
870087135;Governo pede a distribuidoras o repasse de 'alívio';Impressos;Impresso;O ESTADO DE S.PAULO/SĂO PAULO;675;GERAL; ;SUDESTE;SP;SĂO PAULO; ; ;144;235807,2000; ;13/03/2026 03:20:00;13/03/2026 03:00:00;Escopo IDM; ;209; ;https://visualizacao.boxnet.com.br/?t=00DDC949574BA14ABD49C962CBECD7EF020000005F08A2EE0D3824415ADCEA1345996421F771C084E0DC3A64066A3F2D2965ACE74A1C9B213E64C667938E03026595F8EDB067A6060170F1AB3ADB17B4AC99491F38EC8F801E9D170BB0BB44B69CD1187F;
870087136;Oscar aumenta segurança após alerta do FBI sobre possível ataque do Iră;Impressos;Impresso;O ESTADO DE S.PAULO/SĂO PAULO;675;GERAL; ;SUDESTE;SP;SĂO PAULO; ; ;425;695958,7500; ;13/03/2026 03:20:00;13/03/2026 03:00:00;Escopo IDM; ;209; ;https://visualizacao.boxnet.com.br/?t=00DDC949574BA14ABD49C962CBECD7EF020000003AC75E8DA0432A7BC0ADADCF4E1CE4690CDC453B40328C094F14046CDC7B84B483831F9932F15467A31D68AE3BADB4E03BA79BA9814CC2B48BE19E36D087610EA5EF60517BA15F01094C4903826AD2AC;
870087137;'Home ofifce' que ordena açőes do CV em Rio Claro está no Morro Fallet;Impressos;Impresso;O ESTADO DE S.PAULO/SĂO PAULO;675;METRÓPOLE; ;SUDESTE;SP;SĂO PAULO; ; ;605;990717,7500; ;13/03/2026 03:20:00;13/03/2026 03:00:00;Escopo IDM; ;209; ;https://visualizacao.boxnet.com.br/?t=00DDC949574BA14ABD49C962CBECD7EF02000000A1E78C8781DDDBC8A7A0E04D52C3CE84F729FFE5E335E477C26330996E728147577FCD09777EE982F47CB493FA0D21B2CDE98BF85DAE17BF643C873B57827B17A4B6E7754E806603A8B5AA753F3400E0;
870087138;Coafvę transaçőes suspeitas entre a Refit e o Master;Impressos;Impresso;O ESTADO DE S.PAULO/SĂO PAULO;675;ESPAÇO ABERTO; ;SUDESTE;SP;SĂO PAULO; ; ;626;1025106,3000; ;13/03/2026 03:20:00;13/03/2026 03:00:00;Escopo IDM; ;209; ;https://visualizacao.boxnet.com.br/?t=00DDC949574BA14ABD49C962CBECD7EF0200000000D8F95F36754B0AE007A0A43769E2F350F89E4D0774AD9376C011C2077C0829DE44F86608BF69C7FA2727F0C5E481543293B88E5BB9147B6045846C44C15D09B8257C7A746CABCACA418CA89E091A68;
870087139;Bando fabricava armas com impressora 3D;Impressos;Impresso;O ESTADO DE S.PAULO/SĂO PAULO;675;METRÓPOLE; ;SUDESTE;SP;SĂO PAULO; ; ;237;388099,3500; ;13/03/2026 03:20:00;13/03/2026 03:00:00;Escopo IDM; ;209; ;https://visualizacao.boxnet.com.br/?t=00DDC949574BA14ABD49C962CBECD7EF02000000E6F2E038A1399AC5BA8A620011A9C13C9C3965663E2212A6E2FA19ED346AF3DF7012E2E93E30C6F653C4B7632B94F1DBE702F0F7B9CC9ADBEF2BC32D0B1586203F131880C964E3329A3C7E6DE54D7AAB;
870087140;PF identifica artifícios de Vorcaro para desviar recursos do Master;Impressos;Impresso;O ESTADO DE S.PAULO/SĂO PAULO;675;GERAL; ;SUDESTE;SP;SĂO PAULO; ; ;581;951416,5500; ;13/03/2026 03:20:00;13/03/2026 03:00:00;Escopo IDM; ;209; ;https://visualizacao.boxnet.com.br/?t=00DDC949574BA14ABD49C962CBECD7EF020000001B44137D6CBBFE23E90C0A0FD29B901AFA63074A9E987762687E46A33F61D9CE3EA333BFBD015F80A54FB15279FA549275F52EF57091D9E0BE3A0BAA221E28182CC011C47B1536A599D85D6D412968BF;
870087141;Planos năo podem limitar sessőes de autistas, decide STJ;Impressos;Impresso;O ESTADO DE S.PAULO/SĂO PAULO;675;METRÓPOLE; ;SUDESTE;SP;SĂO PAULO; ; ;351;574780,0500; ;13/03/2026 03:20:00;13/03/2026 03:00:00;Escopo IDM; ;209; ;https://visualizacao.boxnet.com.br/?t=00DDC949574BA14ABD49C962CBECD7EF02000000D960FBB13EB0DC8CCB154D8D9DC44CF2033E975D13C2419B9781FA7E3D7BE8821D90AD9D6B1E0734490DD38015E84FAABCFF33115DE4F5622225CF3AE2871F65E9EE6FE590B338CF2D6BF3D2D08CA3BD;
870087142;Oferta da Copasa será norte para IPOs da Aegea e da BRK;Impressos;Impresso;O ESTADO DE S.PAULO/SĂO PAULO;675;GERAL; ;SUDESTE;SP;SĂO PAULO; ; ;987;1616261,8500; ;13/03/2026 03:20:00;13/03/2026 03:00:00;Escopo IDM; ;209; ;https://visualizacao.boxnet.com.br/?t=00DDC949574BA14ABD49C962CBECD7EF0200000034902124059757E0E2C933CE31135F8CEE15114F773A0B31D7F6B9D1D498D07923AF2F9D6DFCFFACCA522B6B16EA94CCE38C5846DCAE88F16C18E3F46C702BF2E2E875F3EDF2D79C4F49A7AE0E67D35D;
870087143;Câmara aprova uso de spray de pimenta para defesa;Impressos;Impresso;O ESTADO DE S.PAULO/SĂO PAULO;675;METRÓPOLE; ;SUDESTE;SP;SĂO PAULO; ; ;427;699233,8500; ;13/03/2026 03:20:00;13/03/2026 03:00:00;Escopo IDM; ;209; ;https://visualizacao.boxnet.com.br/?t=00DDC949574BA14ABD49C962CBECD7EF02000000C1C50168BBCFE987C2B31D1BF61C7A9972A3E3C7219D141E89A8A0DF38BE92AC45AF71689CB32CF49AA8F986206FBAF5379F2FCC7D1698416DC712598B9BD24D42781750F8C771853F7BA9251DFAE716;
870087144;Superbactéria causa fechamento de UTI;Impressos;Impresso;O ESTADO DE S.PAULO/SĂO PAULO;675;METRÓPOLE; ;SUDESTE;SP;SĂO PAULO; ; ;238;389736,9000; ;13/03/2026 03:20:00;13/03/2026 03:00:00;Escopo IDM; ;209; ;https://visualizacao.boxnet.com.br/?t=00DDC949574BA14ABD49C962CBECD7EF0200000001248641778D2ADDFDB3A9952E83C6DC54D5E6512366F836B944AEB51093FE19E47E4B055B12114323267186B40BD53DCF8E77A0619D7FDDB94FC502A5B89356808426081D54EA06219E9FCD623FB938;
870087145;Capităo da PM se torna réu por abuso da enteada;Impressos;Impresso;O ESTADO DE S.PAULO/SĂO PAULO;675;METRÓPOLE; ;SUDESTE;SP;SĂO PAULO; ; ;144;235807,2000; ;13/03/2026 03:20:00;13/03/2026 03:00:00;Escopo IDM; ;209; ;https://visualizacao.boxnet.com.br/?t=00DDC949574BA14ABD49C962CBECD7EF0200000097B908869A2D2B22125F566A78CBE881535BDADD0C0DC045DE648E5451F8C6EDA2C5563EC35D1DA6C2F5E2CAF7CF831C1540125EB18574F91332D8ABE6D695696F07DBE9844E5D88F2AF621D1BA0A615;
870087146;Săo Paulo vence na estreia de Roger e assume a liderança;Impressos;Impresso;O ESTADO DE S.PAULO/SĂO PAULO;675;Esportes                                ; ;SUDESTE;SP;SĂO PAULO; ; ;940;1539297,0000; ;13/03/2026 03:20:00;13/03/2026 03:00:00;Escopo IDM; ;209; ;https://visualizacao.boxnet.com.br/?t=00DDC949574BA14ABD49C962CBECD7EF02000000392F7FD527621A222DF9DC94EC6FB44745F6A3257DF0A6187216C7FB29480B58F993368DF72DF8000A158168C79D4EFD6BBFD57A001BDBD02B75EE860CDDE9093D2269D9D267254F11499DC0517EFEF8;
870087147;As universidades federais e o fim das listas tríplices;Impressos;Impresso;O ESTADO DE S.PAULO/SĂO PAULO;675;ESPAÇO ABERTO; ;SUDESTE;SP;SĂO PAULO; ; ;759;1242900,4500; ;13/03/2026 03:20:00;13/03/2026 03:00:00;Escopo IDM; ;209; ;https://visualizacao.boxnet.com.br/?t=00DDC949574BA14ABD49C962CBECD7EF0200000005BE7E0BB228FFDB4584D91EEDF96E20BCDA2117620128F7964B4B1C1F78B4C46B7F861E4E879D97DCF827F53174B3802D033658980E5B097555B6D47577BCB8AFAEDD45D98C24288CAA094AE6ABA05D;
870087148;FÓRUM DOS LEITORES;Impressos;Impresso;O ESTADO DE S.PAULO/SĂO PAULO;675;ESPAÇO ABERTO; ;SUDESTE;SP;SĂO PAULO; ; ;513;840063,1500; ;13/03/2026 03:20:00;13/03/2026 03:00:00;Escopo IDM; ;209; ;https://visualizacao.boxnet.com.br/?t=00DDC949574BA14ABD49C962CBECD7EF020000003F563883AC562AD2FBE0E140B77075D61846AEBDFCCF65F73790413E4119A55E509D90B70734BE40484CAA5E7B691898493CB8D135359A3E141D6C645CB75C59D224542AD58691408E102F1BCF684442;
870087149;Para onde vai o caso Master;Impressos;Impresso;O ESTADO DE S.PAULO/SĂO PAULO;675;ESPAÇO ABERTO; ;SUDESTE;SP;SĂO PAULO; ; ;754;1234712,7000; ;13/03/2026 03:20:00;13/03/2026 03:00:00;Escopo IDM; ;209; ;https://visualizacao.boxnet.com.br/?t=00DDC949574BA14ABD49C962CBECD7EF02000000ED84A893D5A25C3623E680E67609684B7856F5A2EA22A1D94E39DCA56B22E44FDF6A3297F9BAA6BF86D5AE60E3521BEDE62B7364A3921740D6FB9B61FC98406C963F27B993288A781D3FFA7657583BC3;
870087150;'Resolveram nos matar, resolvemos viver', diz ministra Cármen Lúcia em discurso;Impressos;Impresso;O ESTADO DE S.PAULO/SĂO PAULO;675;ESPAÇO ABERTO; ;SUDESTE;SP;SĂO PAULO; ; ;168;275108,4000; ;13/03/2026 03:20:00;13/03/2026 03:00:00;Escopo IDM; ;209; ;https://visualizacao.boxnet.com.br/?t=00DDC949574BA14ABD49C962CBECD7EF020000007766F596BE2C892AD213821B5F47EC8A0768E3E5FB85079619F2DE1B552F20005560821621EE2991218EF4B984A2B55E4A246FEE5D9D99FE9C404BFD17027A5AEE89942826A6805A2678617CDE5ABE14;
870087151;Novo projeto para a Serraria do Ibirapuera prevę apenas academia;Impressos;Impresso;O ESTADO DE S.PAULO/SĂO PAULO;675;METRÓPOLE; ;SUDESTE;SP;SĂO PAULO; ; ;140;229257,0000; ;13/03/2026 03:20:00;13/03/2026 03:00:00;Escopo IDM; ;209; ;https://visualizacao.boxnet.com.br/?t=00DDC949574BA14ABD49C962CBECD7EF0200000057F2E12A23E31977F45B6547D06FD933B2EA9258FFACC30DD461B45C6AD95D78853B9D2B363C7041832F9C7867A81E693CF07A29052FDB8784C1800BB35C99D4C2266D936A9521C2CCD685422394D919;
870087152;Comentários de leitores no portal e nas redes sociais;Impressos;Impresso;O ESTADO DE S.PAULO/SĂO PAULO;675;ESPAÇO ABERTO; ;SUDESTE;SP;SĂO PAULO; ; ;81;132641,5500; ;13/03/2026 03:20:00;13/03/2026 03:00:00;Escopo IDM; ;209; ;https://visualizacao.boxnet.com.br/?t=00DDC949574BA14ABD49C962CBECD7EF020000006F8B0FB40801BC41DB6A77C7716E2EE550AE3CAAF588AE1A17B6E4A3867C8F38CD57A3C4665F7122E4BBFFB4670A88CBC5052667D643B03EFB6C4C5E35EDAEF7239AE89202F5E8A6762247ED747E1E33;
870087153;PRODUTOS DIGITAIS;Impressos;Impresso;O ESTADO DE S.PAULO/SĂO PAULO;675;ESPAÇO ABERTO; ;SUDESTE;SP;SĂO PAULO; ; ;99;162117,4500; ;13/03/2026 03:20:00;13/03/2026 03:00:00;Escopo IDM; ;209; ;https://visualizacao.boxnet.com.br/?t=00DDC949574BA14ABD49C962CBECD7EF02000000C4AA0F3DFFF3E84D4D8B574C7FDAD067E211EA93F73EDA6C6109997E2572386EEA823F21F3C91BB04EEF6AC75956028043A08A03E21CB05744FF4FCCBB41D4BFBF58AC3BAA2554385852EC53FC37A235;
870087154;Palmeiras leva virada e perde para o Vasco;Impressos;Impresso;O ESTADO DE S.PAULO/SĂO PAULO;675;Esportes                                ; ;SUDESTE;SP;SĂO PAULO; ; ;337;551854,3500; ;13/03/2026 03:20:00;13/03/2026 03:00:00;Escopo IDM; ;209; ;https://visualizacao.boxnet.com.br/?t=00DDC949574BA14ABD49C962CBECD7EF0200000030794E89ADD2928A9C3D7F71720964CFFDF8452EB780F4E23A7BB0650E8BCA081C0AB41514029008C0E3A56EE739A8DE23907BF7C640BA92DE132EA179AB6E60CD2A7220524CB8F5E0E7B58E8ADFC3F8;
870087155;Peixoto Gomide, que matou sua filha, pode ter nome retirado de rua;Impressos;Impresso;O ESTADO DE S.PAULO/SĂO PAULO;675;METRÓPOLE; ;SUDESTE;SP;SĂO PAULO; ; ;657;1075870,3500; ;13/03/2026 03:20:00;13/03/2026 03:00:00;Escopo IDM; ;209; ;https://visualizacao.boxnet.com.br/?t=00DDC949574BA14ABD49C962CBECD7EF0200000058C9B9F196FB8E2D8834346B19F2230A1F0F1028CFE81D90FC322AD02C8E194098B2C7C099D29A5121EFDA9D5F644B650209F4B75C290B65942E2AF42A62C2B0641098B98060BCF09F38F574D2E647DB;
870087156;Armand Duplantis quebra recorde mundial do salto com vara pela 15â vez;Impressos;Impresso;O ESTADO DE S.PAULO/SĂO PAULO;675;Esportes                                ; ;SUDESTE;SP;SĂO PAULO; ; ;784;1283839,2000; ;13/03/2026 03:20:00;13/03/2026 03:00:00;Escopo IDM; ;209; ;https://visualizacao.boxnet.com.br/?t=00DDC949574BA14ABD49C962CBECD7EF020000005FEBF0AF366A3C83C97DC2144B809A5B7128B93778223B18108C2D8ADED84B64E46765CD5C40210CE51378E2DCB1D57491D247F1348315467E7722CD8CDCFEEBD5DCF68485A9D61CA6952C6AEC5099CD;
870087157;Leitor pede manutençăo em asfalto de rua;Impressos;Impresso;O ESTADO DE S.PAULO/SĂO PAULO;675;METRÓPOLE; ;SUDESTE;SP;SĂO PAULO; ; ;77;126091,3500; ;13/03/2026 03:20:00;13/03/2026 03:00:00;Escopo IDM; ;209; ;https://visualizacao.boxnet.com.br/?t=00DDC949574BA14ABD49C962CBECD7EF020000006345DD28FF8AE37EF394383F0015B2AD113005E8BDDD506A79A910B0F679741CDC9EAF8555194B6D48166500231C68C108195DF823BD2237DA6243AB33DE76962C1FCF06FC7CBD711B455626A3E3A714;
870087158;'Estou treinando no Mario Kart', ironiza Max Verstappen;Impressos;Impresso;O ESTADO DE S.PAULO/SĂO PAULO;675;Esportes                                ; ;SUDESTE;SP;SĂO PAULO; ; ;523;856438,6500; ;13/03/2026 03:20:00;13/03/2026 03:00:00;Escopo IDM; ;209; ;https://visualizacao.boxnet.com.br/?t=00DDC949574BA14ABD49C962CBECD7EF02000000C908F6574E476767A5A4D8037CFAC65637178EE64ABB234265D16C0613D929458C144A9C95095A7651B9B88C8121DCA7D2869CDBE28848C48F83D421B72C6231CA91FA0545DA387FA3E025C58E65A1AD;
870087159;FALECIMENTOS;Impressos;Impresso;O ESTADO DE S.PAULO/SĂO PAULO;675;METRÓPOLE; ;SUDESTE;SP;SĂO PAULO; ; ;154;252182,7000; ;13/03/2026 03:20:00;13/03/2026 03:00:00;Escopo IDM; ;209; ;https://visualizacao.boxnet.com.br/?t=00DDC949574BA14ABD49C962CBECD7EF020000004D14BBA07908EB62CD9CA21D77D1FE0FA8C6C2FEB3EBF7ACB35550A123CB66456149C2CD70D6196D67A177528D98B7B3F4A655FF723C36E602A925210DF2BB1B490A31EECB5192C4DEF0BAABC206C38D;
870087160;Futebol Forte Uniăo (FFU) contra a parede;Impressos;Impresso;O ESTADO DE S.PAULO/SĂO PAULO;675;Esportes                                ; ;SUDESTE;SP;SĂO PAULO; ; ;415;679583,2500; ;13/03/2026 03:20:00;13/03/2026 03:00:00;Escopo IDM; ;209; ;https://visualizacao.boxnet.com.br/?t=00DDC949574BA14ABD49C962CBECD7EF020000006A488E46A0CCF4265020A183150ADB9318897C6E69EA2F3CE648A12D497C8BCEE2D35EB476EFA3A0EF6713AD12FA31B4F2706F8E827F165A5FBBBCED1A64AE6AB22354199127173B4B1C4FA4164ABD83;
870087161;Nike revela camisa azul com logo de Michael Jordan;Impressos;Impresso;O ESTADO DE S.PAULO/SĂO PAULO;675;Esportes                                ; ;SUDESTE;SP;SĂO PAULO; ; ;364;596068,2000; ;13/03/2026 03:20:00;13/03/2026 03:00:00;Escopo IDM; ;209; ;https://visualizacao.boxnet.com.br/?t=00DDC949574BA14ABD49C962CBECD7EF020000007466DA0CFF7E72E5FB6623D579D127A1D447592F07CE22D1C930C7C6BD07AC4B5254D057C7B8E21A506FFECCC601A90978208336DD9AFBE75D14381F7CCF82086050CC3A4F77E3225A684EF9FE20F574;
870087162;Biruta de aeroporto;Impressos;Impresso;O ESTADO DE S.PAULO/SĂO PAULO;675;POLITICA; ;SUDESTE;SP;SĂO PAULO; ; ;440;720522,0000; ;13/03/2026 03:20:00;13/03/2026 03:00:00;Escopo IDM; ;209; ;https://visualizacao.boxnet.com.br/?t=00DDC949574BA14ABD49C962CBECD7EF02000000D751D6CD24FD799C054024DE160A821A75B7BE889069EBA1880D5BF3DCA6130F223C2EC9C4F85E5846ADDA47CBE8FA8BE0D214D019907F70613322C5838D8F390C77C020B17F67318EFC07C4C6BD5874;
870087163;CPI do INSS barra convocaçăo de amiga de Lulinha;Impressos;Impresso;O ESTADO DE S.PAULO/SĂO PAULO;675;POLITICA; ;SUDESTE;SP;SĂO PAULO; ; ;129;211243,9500; ;13/03/2026 03:20:00;13/03/2026 03:00:00;Escopo IDM; ;209; ;https://visualizacao.boxnet.com.br/?t=00DDC949574BA14ABD49C962CBECD7EF02000000979B28329A76FA0F733EF9D1CD920EFAD83DDC3FB8944580821EF2706DD122F2611E85704E1B26FBF80594F82C3DF2B9C61A0A262E4769A3F58C19F84B50C2B3248773230E37B8AFF9D943827FC947D3;
870087164;Sinagoga em Michigan é alvo de atentado;Impressos;Impresso;O ESTADO DE S.PAULO/SĂO PAULO;675;INTERNACIONAL; ;SUDESTE;SP;SĂO PAULO; ; ;337;551854,3500; ;13/03/2026 03:20:00;13/03/2026 03:00:00;Escopo IDM; ;209; ;https://visualizacao.boxnet.com.br/?t=00DDC949574BA14ABD49C962CBECD7EF02000000AE274FB5E06525F901FEF768DB825A64A0F9CAFEAFFEB111E9A63C40B0322E057F7DCE3CD53770ACAABEFE50928D275400DD74E5E0E7312E8E5764DEDB7502F7FCDE1A4F34106044AE44EE2C73FBFBC7;
870087165;Aviăo americano de reabastecimento cai no Iraque com 6 a bordo;Impressos;Impresso;O ESTADO DE S.PAULO/SĂO PAULO;675;INTERNACIONAL; ;SUDESTE;SP;SĂO PAULO; ; ;63;103165,6500; ;13/03/2026 03:20:00;13/03/2026 03:00:00;Escopo IDM; ;209; ;https://visualizacao.boxnet.com.br/?t=00DDC949574BA14ABD49C962CBECD7EF020000003C8ECE79FF6BA35F2C993A8DC1D712D3164FBB03641AE3DF8C14959C89E868470B0374CAF2DB3F4B9E17DEC7C8D06C6CCDBC8193CB374AF512BA0CEF42DE4A213E80A61DFB532D235D4B5CA1C2C42A2D;
870087166;Voto de Nunes Marques será chave em julgamento de Vorcaro, que começa hoje;Impressos;Impresso;O ESTADO DE S.PAULO/SĂO PAULO;675;ESPAÇO ABERTO; ;SUDESTE;SP;SĂO PAULO; ; ;1140;1866807,0000; ;13/03/2026 03:20:00;13/03/2026 03:00:00;Escopo IDM; ;209; ;https://visualizacao.boxnet.com.br/?t=00DDC949574BA14ABD49C962CBECD7EF02000000940874B62D0783EEEBE68A39EAA82FB68CC024F0A946221ADD7CDB85D16D545BD5EE6A083FD2DA6A930E9BD24045D126CDDD98C6FFF0245BA5FE98BC820A9639C73AD1B1796F00D714B34C5A29BD3251;
870087167;Blogueiro que fez publicaçőes sobre carro usado por Dino é alvo da PF;Impressos;Impresso;O ESTADO DE S.PAULO/SĂO PAULO;675;POLITICA; ;SUDESTE;SP;SĂO PAULO; ; ;604;989080,2000; ;13/03/2026 03:20:00;13/03/2026 03:00:00;Escopo IDM; ;209; ;https://visualizacao.boxnet.com.br/?t=00DDC949574BA14ABD49C962CBECD7EF020000007C3F7F99E2D3FE894526C1645573D88A7BA427D9A56371D769B006454D5CD52FBA833F4020696B59FAC1DCE69585F7BEEE8E56E124995F743B10BF7845DE6D129D84E80292D3753628C2529C1ECB8245;
870087168;Confiança no STF cai sete pontos em meio a crise;Impressos;Impresso;O ESTADO DE S.PAULO/SĂO PAULO;675;ESPAÇO ABERTO; ;SUDESTE;SP;SĂO PAULO; ; ;160;262008,0000; ;13/03/2026 03:20:00;13/03/2026 03:00:00;Escopo IDM; ;209; ;https://visualizacao.boxnet.com.br/?t=00DDC949574BA14ABD49C962CBECD7EF0200000032D9946C5FFEF4D1E733F5194C2EA5E0C0BA93D6301CE63636239CF7F6061DF843E566DD2BDB84DD10A478578B904D888B0E42FA825420D7B4A0ED100D16318DC43C2DC646B1C2FB3BBF4DC89E44D77F;
870087169;Em primeira mensagem, novo líder supremo do Iră pede mais ataques;Impressos;Impresso;O ESTADO DE S.PAULO/SĂO PAULO;675;INTERNACIONAL; ;SUDESTE;SP;SĂO PAULO; ; ;859;1406655,4500; ;13/03/2026 03:20:00;13/03/2026 03:00:00;Escopo IDM; ;209; ;https://visualizacao.boxnet.com.br/?t=00DDC949574BA14ABD49C962CBECD7EF020000007FD3EC18E64EEA8C24B1305BD1CFDCAEE7EC9B8D53D3C926785B42382DD576794E2C15711C3ED77CD0129F2F96F9DB9644838F46340F37855FBA041EDA16E82CF3A51739CBC501EB289DE0C15560E063;
870087170;Moraes veta visita de assessor de Trump a Bolsonaro  Itamaraty viu 'ingeręncia';Impressos;Impresso;O ESTADO DE S.PAULO/SĂO PAULO;675;ESPAÇO ABERTO; ;SUDESTE;SP;SĂO PAULO; ; ;462;756548,1000; ;13/03/2026 03:20:00;13/03/2026 03:00:00;Escopo IDM; ;209; ;https://visualizacao.boxnet.com.br/?t=00DDC949574BA14ABD49C962CBECD7EF0200000078C3129BB9E10987EC58A5B79B5C04F41E2D91CB22C85EC1EB4188C1EABF2838A56D8B1FCB49F10BB19F75ADA58C76A7B16543AE4069E5C97DFD854D04842ACEE1CBC26A89BF8116E4FBB1FE966B45CE;
870087171;Defensoria cobra de Lula escolha de novo chefe;Impressos;Impresso;O ESTADO DE S.PAULO/SĂO PAULO;675;POLITICA; ;SUDESTE;SP;SĂO PAULO; ; ;129;211243,9500; ;13/03/2026 03:20:00;13/03/2026 03:00:00;Escopo IDM; ;209; ;https://visualizacao.boxnet.com.br/?t=00DDC949574BA14ABD49C962CBECD7EF02000000975D551210F14E032E83D0A767152FA7CF987A8568CE537B7856065F2A9DD629A45F2C0675CC895F519DC565564D1631BA7F42A2D7DD120A38DD9B859442B0353C7534D1A6249C905CB805F06056B84F;
870087172;Simone Tebet anuncia que vai disputar o Senado por SP;Impressos;Impresso;O ESTADO DE S.PAULO/SĂO PAULO;675;POLITICA; ;SUDESTE;SP;SĂO PAULO; ; ;351;574780,0500; ;13/03/2026 03:20:00;13/03/2026 03:00:00;Escopo IDM; ;209; ;https://visualizacao.boxnet.com.br/?t=00DDC949574BA14ABD49C962CBECD7EF02000000C20E773F6D39B9D6AF61D8C96307F48E363CE5CE6175C39C9B8FC20CEC32657EB8AFD878DF25CCFE5830C7BC1D0576960802990CD42401C93610AF0DAA0A84EE320C4692F6C279DBF23454DC4640E8C8;
870087173;MPF publica recomendaçőes que vedam até 'likes' em publicaçőes político-partidárias;Impressos;Impresso;O ESTADO DE S.PAULO/SĂO PAULO;675;POLITICA; ;SUDESTE;SP;SĂO PAULO; ; ;73;119541,1500; ;13/03/2026 03:20:00;13/03/2026 03:00:00;Escopo IDM; ;209; ;https://visualizacao.boxnet.com.br/?t=00DDC949574BA14ABD49C962CBECD7EF0200000060F2CD7EC0B7E9148AB2B2DD6A6F73E6CFEDEC28CFDCCF335EF1D1DACDDE6908DFDC587B71F518B06EA3C26D061C290F26E8F9E26C04FB1C57A64EE6C749659B7BD44457D85E81B29FEF6AA578AB6742;
870087174;Flávio vai a evento conservador nos EUA  é a 3viagem ao país desde que se lançou pré-candidato;Impressos;Impresso;O ESTADO DE S.PAULO/SĂO PAULO;675;POLITICA; ;SUDESTE;SP;SĂO PAULO; ; ;68;111353,4000; ;13/03/2026 03:20:00;13/03/2026 03:00:00;Escopo IDM; ;209; ;https://visualizacao.boxnet.com.br/?t=00DDC949574BA14ABD49C962CBECD7EF020000003F5AC0E125E135D6A0DAA371380EC273FD4A37165880D7FDC43F45D457D4D09C8621A1AACE6539EB93B4D0FE1408F4A3EF23B7DED9CE07599447CFAF20A7C0A87C22C38F0D88724B4173726591AD858C;
870087175;Procuradoria pede a transferęncia das joias sauditas dadas a Bolsonaro para a Receita;Impressos;Impresso;O ESTADO DE S.PAULO/SĂO PAULO;675;POLITICA; ;SUDESTE;SP;SĂO PAULO; ; ;65;106440,7500; ;13/03/2026 03:20:00;13/03/2026 03:00:00;Escopo IDM; ;209; ;https://visualizacao.boxnet.com.br/?t=00DDC949574BA14ABD49C962CBECD7EF0200000038238A7CE58787C3CC6C651E58F0955B870BF3724FB126E505E770439CCAE07BB4B2DFBBBB2415F2400B861E1D45E860367C9FA8F5BAF0F40382F690691D075AC48DD1CE7E214DA732BDDF83610D4A92;
870087176;Por que Vorcaro deveria continuar preso?;Impressos;Impresso;O ESTADO DE S.PAULO/SĂO PAULO;675;POLITICA; ;SUDESTE;SP;SĂO PAULO; ; ;440;720522,0000; ;13/03/2026 03:20:00;13/03/2026 03:00:00;Escopo IDM; ;209; ;https://visualizacao.boxnet.com.br/?t=00DDC949574BA14ABD49C962CBECD7EF02000000235E339BD066F9C1ABFEF8F6AAC02E6EEC135371B4C3196FE0625FA0F8FF31E8BB862AAC84332253B0A1CC64BD5623E64EE2EEE3C5925D1538C5369203609E5DF795F342E69F37A6960A8987BE9F2CA4;
870087177;Erika Hilton é a lă mulher trans a presidir comissăo;Impressos;Impresso;O ESTADO DE S.PAULO/SĂO PAULO;675;POLITICA; ;SUDESTE;SP;SĂO PAULO; ; ;129;211243,9500; ;13/03/2026 03:20:00;13/03/2026 03:00:00;Escopo IDM; ;209; ;https://visualizacao.boxnet.com.br/?t=00DDC949574BA14ABD49C962CBECD7EF02000000491F16851790B269596A782ED1B0627AEF641DB0580ADC214B879CC72330D21FE1F99A27E48A33D645D0B00E9AC85A1B5E56477AF2F8F99C09125A0BFB6A5BC393273A4172316F842666A2F4DF5F1C09;
870087178;Para onde vai o caso Master;Impressos;Impresso;O ESTADO DE S.PAULO/SĂO PAULO;675;ESPAÇO ABERTO; ;SUDESTE;SP;SĂO PAULO; ; ;8;13100,4000; ;13/03/2026 03:20:00;13/03/2026 03:00:00;Escopo IDM; ;209; ;https://visualizacao.boxnet.com.br/?t=00DDC949574BA14ABD49C962CBECD7EF02000000E045094294D32EADC1829215420489C4D08780B002A79D766D3326E97EA46EC3FE86CAA81FD24737DBCADEB14E0165AC0AF8B38EB43B9D35A941866069E243078182E6324FBE03E8FA06C30D7E9B671D;
870087179;Por que Vorcaro deveria continuar preso?;Impressos;Impresso;O ESTADO DE S.PAULO/SĂO PAULO;675;ESPAÇO ABERTO; ;SUDESTE;SP;SĂO PAULO; ; ;11;18013,0500; ;13/03/2026 03:20:00;13/03/2026 03:00:00;Escopo IDM; ;209; ;https://visualizacao.boxnet.com.br/?t=00DDC949574BA14ABD49C962CBECD7EF02000000E93FD0BEE1C352EAEC763A20392FB3DEF5D9B13CFEC58743A9A30E8935950E60B0DE625D74A5F17070AD15723E0B0FCCF09A496349002150ABB05E4D3EF7569055ECDC3E97234494EB8E1257FB11BF88;
870087180;Cabaret Brasil: Vorcaro năo surgiu do nada;Impressos;Impresso;O ESTADO DE S.PAULO/SĂO PAULO;675;ESPAÇO ABERTO; ;SUDESTE;SP;SĂO PAULO; ; ;11;18013,0500; ;13/03/2026 03:20:00;13/03/2026 03:00:00;Escopo IDM; ;209; ;https://visualizacao.boxnet.com.br/?t=00DDC949574BA14ABD49C962CBECD7EF02000000C4F1A3CEC37F4F75D7954B59D4AA2A280AA16F8713E3C056D22D4A8A3D179A1A52A1E8DA84F8469156C766588775469624C16D93150D7713BE8A98BC7C62931758FDC87301C536A550737D52F387D75D;
